orderNumber,client,cost
63568,Jennifer Calhoun,269276
391616,Mamie Marquardt,426109
116667,Robert Rodriguez,431502
57968,Daryl Edmondson,424275
81784,Tracy Kidd,542151
223821,William Gallagher,191156
367295,Mary Whaley,500562
223512,Quinton Strawbridge,407867
55462,Kenneth Hope,154406
190622,Edward Chase,172889
132834,Luther Burnside,364898
254346,David Cullom,572194
7749,Eleanor Sabin,405973
46310,Patrick Cornett,511200
254241,Richard Hawkins,181180
9517,Stephen Galbraith,474446
316895,Betsy Alvarado,187388
328609,Jessica Harper,233596
358679,Richard Higby,478652
302814,Diana Massey,497012
439809,Wayne Pascoe,411698
70444,Tonya Kellogg,447547
400901,Terrie Clayton,528557
423368,Jane Cuellar,493506
13198,Christina Aaron,189908
482076,Pamela Mccalla,476060
14051,Betty Boyer,373970
5149,Adrian Capp,586904
64511,Joe Wilson,520184
248343,James Early,195920
137736,Angel Reichman,159410
122063,Carol Barker,400987
461888,Thomas Numbers,539403
318581,Gladys Greene,488782
225014,Tony Smith,425496
385719,Vernon Cain,215768
301972,Eddie Dukes,439888
119587,Dana Hams,566934
192209,Leo Ashland,573060
26607,Emmett Naquin,160879
116625,Pearl Parks,427685
19875,Kenneth Seger,234231
69946,James Prater,218061
84404,Robert Henderson,518300
422805,Derek Toothaker,217228
380388,Joyce Danford,273838
369366,Lorinda Tiscareno,171436
350920,Joan Petitti,502726
48408,Mohammad Jones,256876
328131,Maria Johnson,564931
341269,Elizabeth Adams,559235
197016,Heidi Mcfarland,247197
68764,James Obrien,588585
25412,Diane Wells,465115
392008,Emma Bennett,329886
344166,Efrain Womack,381985
415638,Brad Holt,424937
244802,Leonard Clark,410126
255169,Melody Gallego,357793
162580,Corie Abbott,382802
5915,Mary Norris,212553
136518,William Galvan,533193
264981,Eileen Roop,426059
187055,Jerry Smith,218510
153715,Kristina Demelo,281749
458874,Katherine Christiansen,472696
478027,Katherine Ashe,559501
94079,Linda Mauro,543022
324583,Jeannie Harris,358228
487426,Joanne Baxter,498531
370032,James Conner,367275
5929,Alison Delahoussaye,295878
457157,Joe Andres,203562
109233,Clifford Ownby,552016
123564,Ivory Benavidez,212939
246627,Sandra Arkell,291779
166332,Daniel Harper,487975
82446,Luis Booker,278183
222907,Dana Jackson,507641
12512,Robt Mcneely,254469
113835,Robert Feller,414704
232098,Loreta Draper,338201
225316,Randall Robertson,355396
47838,Johnetta Rush,263322
433146,Kimberly Dinkel,522069
226663,Todd Jenkins,200778
470326,William Clark,235767
276692,Carroll King,233765
181354,Alice Friedman,190217
283560,Julia Smith,520983
158206,Shannon Shallenberger,341426
148690,John Becker,498586
371759,Lizzie Smith,380770
105784,Mary Dora,484516
483727,Corey Lewandowski,290830
118387,Larisa Jaeger,495948
355334,Ruth Taylor,254873
284859,Matthew Poyner,196332
178713,Melisa Main,217039
133586,Randy Sturgeon,314226
416093,Cathy Bell,422749
394077,Lillian Brockington,489302
55300,Susan Malone,214214
132021,Ethel Small,299848
238876,Karleen Mejia,253042
435475,Charles Blecha,263900
195822,Michael White,154046
495442,Holly Corley,384472
78985,Ruben Gilmore,433988
73392,Dawn Rautio,510041
50924,Jeffery Gates,388707
472924,Jarrod Olson,151255
212193,Jayson Klock,230021
444062,Richard Clasen,303807
413520,Garland Volk,360655
370824,Ruby Schechter,576661
397478,Dexter Hoffman,560223
323736,Lindsey Coleman,187377
40936,Brigette Cohen,422839
485287,Ana Taunton,462445
7865,Elvera Stevens,270988
360128,Olivia Jones,597574
147670,William Barton,377608
476520,Isabel Christensen,389900
246089,Dennis Cook,323338
461413,Janet Chambers,429455
464531,Jimmy Zinger,158313
85127,Susan Wise,207582
216721,Jim Arender,296992
411798,Daniel Soto,258054
80087,Terry Dahlstrom,515572
90345,Karen Phillips,380880
457662,Margaret Mercado,501851
329653,Christine Lee,363138
237347,Kevin Brand,347936
295459,Ronald Crawford,544021
144397,Sean Bruno,422042
82488,Christopher Washinton,358949
253238,Roy Bridwell,387686
468409,Jimmy Kiedrowski,337177
162516,Frank Smith,320797
351606,Michael Hightower,350815
37319,Joshua Bennett,217052
435415,Bernice Kight,237682
238807,Irish James,384408
270446,Jarred Alleyne,213501
125300,Christopher Hake,277929
139899,Loretta Pilgrim,306138
468758,John Fifer,164764
392701,Joseph Delgado,316221
411365,Frank Draper,354966
135137,Margie Budde,377703
121862,Stephen Delgado,273752
155038,Francisco Grimm,254302
258209,Edwin Berstein,420695
437380,Jayne Hurd,249073
377119,Christopher Mcirvin,456427
416545,Patricia Maldonado,369827
621,Jamie Hatley,474476
181322,Nick Warfield,400430
490480,Jay Kline,377285
199179,Lula Hubbell,397849
238767,Randall Buchmeier,474518
122747,Mark Peterson,266492
351780,Bradley Etheridge,184967
46153,Brian Dowlin,255765
477150,Jorge Licudine,184469
252203,Sybil Russell,224465
252548,Eric Rivas,201250
374780,Tana Prindle,325576
376595,William Smidt,546283
151334,Cathy Middleton,175858
333635,Joe Madry,390360
385930,Arthur Wilson,342284
9056,Lisa Mistrot,198456
361862,Maria Higgins,172779
336286,Sharon Young,273142
172475,Daniel Crosslin,306831
278119,John Sims,448993
266647,Lessie Meyer,329576
386117,Della Alvarez,484106
292658,Tatiana Reyes,532709
264247,Loretta Shepherd,359193
289968,Bernice Leon,419538
383003,Monica Ryan,330003
305680,Kimberly Moore,362699
76219,Roger Quach,505187
417477,Mary Kaminsky,486510
494186,Fred Dickerman,271818
292405,Alton Beason,298025
157180,Michael Washington,221520
56150,Charlotte Bennett,340762
52021,David Mitchell,199157
129220,Edwin Kelly,194298
311107,Todd Elson,397639
269396,Francis Grossman,222720
186742,Courtney Johnson,534068
14502,Jean Karo,359320
285541,Donald Schnackenberg,180634
399213,Cary Speight,492879
14741,Lillian Ingram,369895
474058,Paulette Burnett,575082
267843,Edward Robinson,321617
204092,Walter Garland,235345
414461,Eric York,502498
335724,George Deponte,181215
466877,Victoria Phelps,361371
6920,Linda Overton,385899
382080,Barbara Towers,549435
118970,Jason Ramirez,505570
22953,Jackie Townsend,159810
155757,Erika Acosta,529101
19480,Jonathan Foster,580041
397759,Dave Bennett,486212
191535,Elba Fowler,316779
269228,Kari Orahood,358084
96758,Taylor Torres,320999
113336,Lorie Rivera,340740
93891,Clara Landry,483756
39535,Charles Jeanlouis,256448
10892,Roger Kaufman,429481
10095,Lawrence Coffin,552524
439579,Robert Pires,402408
463022,Brenda Patten,302125
183742,George Voorhees,181748
396831,David Ford,385888
216253,Carol Haynie,198921
208484,Elizabeth Cervantes,272875
225589,Rebecca Duran,307384
296542,Michael Young,330011
86878,Julian Munoz,313439
115149,Kimberly Harden,298364
42607,Sherry Mulloy,595856
135376,William Clausen,508718
184679,David Evans,338839
70702,George Mayen,585876
131107,Suzanne Hoyle,411362
184358,Gary Beckett,308599
142042,Joyce Houston,212437
285908,Joseph Jones,421148
386394,Freddie Ortega,307558
149364,Kelly Cardin,318867
8695,Beulah Mckinney,492976
398699,Mary Metts,348248
171464,Anna Hoffman,210890
471408,Robert Hitchcock,588790
402794,Krystal Hopper,463336
126348,Carol Gillespie,556564
14733,Jerry Pifer,363514
167618,Nicholas Buckley,519921
121643,Lula Burgos,369857
481153,Walter Ashley,494399
327352,Joy Hernandez,358539
197999,Ashlee Moran,168173
290808,Crystal Reilly,551408
349198,Jennefer Raya,458757
445239,Zachary Akers,282077
417,Anthony Ybarra,418438
10124,Michael Scott,174979
21133,Janice Dombrowski,291474
446809,Christopher Hunter,220203
143642,Joe Purser,335867
434939,John Bennett,343276
65836,Julie Akers,245005
108280,Bernice Gallegos,493699
450018,Denise Carroll,585634
397737,Norma Kluemper,441008
191552,Jeannie Capone,308961
282083,Sidney Rodriguez,175964
486940,Larry Fields,282894
118753,May Campos,406137
236275,David Perkins,193081
330295,Donna Pickett,196792
81077,Robert Smith,232212
261735,Elia Hasan,308595
241159,Helen Dininno,322127
243726,Michael Woodruff,365472
98976,Mark Thomas,395256
335477,Brian Jacobs,405889
140992,Dolores Prince,585880
475133,Daniel Strahm,576458
23624,Monica Mitchell,282649
382039,Devon Burroughs,591380
443604,Steve Phillips,370127
47361,Donald Ray,300290
351266,Earl Yankey,440109
322423,Jason Evans,483475
376056,Anthony Ewing,172294
245995,Terri Gardner,459881
266939,George Weaver,215570
351987,Mary Gaffney,588944
188995,Olive Hartzog,159943
386242,Dusty Thompson,394601
41620,Margery Buchanan,376427
157399,Theresa Luster,267581
71673,Amanda Allen,265606
36950,Lynne Gonzalez,306488
202890,Patricia Bailey,246346
188963,Porter Lopez,293731
197962,Rachell Atkin,558193
463155,Silvia Wagner,569288
116552,Edna Morrison,592671
484223,Christie Wycoff,237961
42303,Elena Stewart,502408
205524,Ronnie Brown,222969
292223,Marie Mcpeake,245837
20832,Marty Mason,384682
314722,Hubert Norris,445980
295029,Emily Smith,361914
473158,Keith Hoy,572719
67707,Leticia Marmol,499182
34802,Shane Black,457361
109297,Marianne Lewis,597803
415485,George Samuels,430064
56418,Kellie Tobin,587252
143965,Jean Rosato,423650
204057,Jean Newlin,474749
319595,George Workman,408402
279918,Inez Killion,392169
82086,William Williams,572812
250137,Scott Winnen,332401
464257,Adam Marquez,389127
68428,Janet Dates,433210
255801,Betty Robinson,329806
46115,Austin Benitez,345016
62457,Carl Loock,194025
303467,Katherine Fraughton,190462
61085,Kim Hodge,192539
114620,Lucy Kline,216211
404701,Jennifer Culp,572785
464117,Priscilla Calhoun,337149
466586,Albert Cabral,560086
158770,Robert Brannon,248984
358379,Linda Escamilla,197843
31346,Pamela Gelston,163893
91139,Emily Holmes,579717
323048,Josefina Hawkins,165469
151568,Frank Chavez,582767
133556,Joseph Looney,330039
495180,Wm Nazario,398163
478959,Betty Amyx,172894
262525,Faye Hughes,193875
178166,Drew Jones,469498
213659,Mary Hughes,554093
322980,Geraldine Webb,303875
427697,Sharon Thom,258557
128538,Crystal Knox,556019
144092,Deborah Lumley,344643
134684,Debbie Mauck,203640
414390,Irene Turner,202391
222607,Iris Autrey,426508
224995,Irma Coon,173768
439971,Troy Harris,469567
231441,Frank Braswell,539892
243554,Linda Beasley,480274
362559,Grant Morgan,485392
104387,Joseph Reber,453784
416082,Samuel Bivins,591002
374084,William Stewart,229953
386645,Elmo Henderson,323282
341154,Peter Sirois,387778
136500,Linda Barker,358559
93918,Eva Aaron,510936
354789,Marvin Hammond,420115
480647,Janice Norris,597787
466222,Michele Richer,306543
380000,Janet Boswell,476169
216058,Scott Locke,393073
167118,James Wiebe,367406
410077,John Romans,406206
129131,Paul Osmer,257588
469849,Merrilee Wolford,331341
440373,Ben Powell,346367
34054,Forrest Arvesen,313805
220314,Charlie Carlson,459292
429818,Maurice Johnson,522585
118591,Jason Hutchinson,402374
382954,Gladys Underwood,179989
313327,Anna Moulton,506202
275456,James Poston,266801
409059,Howard Young,371225
432605,Carol Houston,260043
83247,Fred Kitzmiller,414769
231340,Joseph Sticht,472473
174324,John Holmes,215411
302181,Kari Velasquez,374940
342400,Manuel Ransom,484984
312873,Robert Sneed,433685
324444,Britney Koetje,333743
196373,Geoffrey Walker,464577
324693,Katherine Koprowski,498019
243017,Alfred Dawson,407700
2361,Joseph Lovelace,483381
109644,Charles Melton,371890
113914,Angela Blackwell,556548
491230,Brian Fullard,579380
325039,Alexandria Powers,341458
190858,Timothy Kosse,504728
41556,Robert Olson,311642
349491,Patti Green,538766
310463,Wilma Gonzalez,277344
142323,Benjamin Rossi,446410
362314,Enrique Mayes,402224
416552,Trevor Vasquez,165293
166467,Brittany Lapidus,357307
256679,David Portnoy,484340
17281,Lisa Taylor,312683
378807,Carmen Sotelo,299662
327506,Kathy Justice,362928
320471,George Colson,396240
434177,Edwin Rodriguez,278554
480585,Pauline Crowley,442205
281947,Danielle Prather,397690
325001,William Elder,482665
163475,Judith Grimes,356022
241686,Tonya Hill,486490
41413,Jonathan Raybon,309740
264848,Hayley Garcia,512133
480447,Patrick Davidson,262129
12512,Percy Steinman,433307
118984,Kerry Elias,555620
421560,Rudy Mullins,240520
9745,Melissa Clark,408917
25240,Lee Smith,462317
450490,Jennifer Downs,426527
460660,Lisa Shelton,269861
375132,Jeanetta Rives,294038
102819,Olga Cuesta,386455
57827,Kiana Wiederwax,150914
272037,Kimberly Blair,190357
486011,Luke Duval,287287
312646,Janice Fuller,228826
190141,Evelyn Allen,337600
482294,Michael Weston,174449
343059,Amy Sears,294626
496051,Sherri Tran,538546
288581,Angela Landers,155876
297790,Hermelinda Musick,479041
256589,Cynthia Peterson,424550
134398,Venetta Luby,303472
261135,Bertha Swanger,578353
490193,Leo Green,391943
454593,Gail Ross,554543
150209,Jeffrey Wilson,361758
276000,Rosa Curry,241005
236718,Floyd Mayes,351419
56385,Donna Laboy,430622
153313,Joe Bray,283549
4340,Bruce Hedgepeth,191489
450105,Scott Brown,273404
325136,Sharon Meister,205881
464407,Linda Dowling,430601
144818,Warren Tuley,391132
362441,Dorthy Nagy,347406
124317,Jason Oldham,530038
362026,James Hill,343079
480175,Donald Gomez,187117
106573,Sarah Williams,457983
106320,Jack Schwab,271375
100387,Thomas Wagner,358914
341174,Stephen Brey,585458
28514,Dannie Brooks,470383
76947,Pamela Rowe,492877
400965,Charles Berman,183656
317881,Janet Watkins,300819
290344,Samuel Siler,300473
291455,Michael Norris,200760
17848,John Mahone,585699
21315,Connie Wildes,168995
407817,Darrell Shepherd,585313
375087,Rosalinda Clark,264979
379120,Cathy Siriano,509459
458469,Ramiro Oxford,418017
314450,Willard Young,208135
363457,Marlene Wyant,206951
193559,Mary Houston,158456
224011,Emilie Beasley,471541
291325,Tonia Shroyer,535341
218566,Robert Stagg,156912
459112,Julie Anderson,535687
43440,Lawanda Hunnicutt,179763
251665,Joan Chew,244306
364388,Cecilia Rivera,192078
32049,Rosario Flores,518957
204964,Christina Martinez,322074
193896,Nicholas Young,587834
30849,William Buckley,322660
209606,Robyn Clark,550092
280591,Susanna Haller,179489
321980,Julio Williams,210554
386337,Michael Brown,551747
58165,Elva Graham,305065
449206,Sandra Morris,320450
318490,Beatrice Bumgardner,525602
362698,Dion Baumgartner,352599
461110,William Woods,368608
13918,Edward Adams,217788
320836,Viola Taylor,406648
191364,Magda Hadley,226270
450783,Ruth Jenkins,450456
444757,Barbara Davis,491044
95943,Jeffrey Edwards,518588
11856,David Cockrell,415534
295167,Verna Reeder,551376
36081,Juanita Jacques,591591
122966,Jean Nelson,210157
222041,Ernest Branco,588927
104470,Katie Penn,457981
343683,Beverly Feldman,556688
266592,Diana Kissinger,156665
200480,Brenda Reynolds,559246
403723,Elizabeth Green,212168
193002,Gladys Hall,190627
245709,Nicholas Carter,428943
72663,Rebecca Parr,528248
320907,Augustus Hatton,360376
443181,Donald Peckenpaugh,557191
145660,Michael Delvalle,478404
129976,Veta Rivas,227951
154380,Jennifer Hall,237543
184355,Marta Wedemeyer,529797
119585,Beth Cohn,240593
243608,Linda Olson,430511
107728,Marion Wilson,213891
158001,Michelle Oliva,431581
388448,Anna Cash,230111
282598,Thomas Moody,331334
472187,Catherine William,584535
244861,Eric Giese,425336
61799,Laura Roca,451326
322546,John Coffell,389785
143707,Scottie Lagrand,276317
438549,Lynn Bacon,215442
357644,Sharon Flynn,304944
231445,Gene Albino,275067
177101,Erin Dunn,495786
33249,Donna Clayton,327602
248938,Steven Salas,218816
420690,Terra Barr,573731
425602,Henry Manus,493107
136411,Mark Love,591695
431159,Bill Legan,472437
350045,Tabitha Kilburn,508756
460760,Olga Meier,505588
284024,Jaime Thomas,557189
218048,George Thai,294494
444698,Barbara Rivera,364651
231121,Kenia Marinez,541869
302032,Jeff Thoburn,507222
217162,Amy Maxwell,317029
125865,Gregory Gonzalez,219996
230211,Rufus Larez,496191
477296,Regina Salamone,179780
363799,Brian Martin,594239
128787,Lucius Nichols,278031
61684,David Moe,296892
377629,Kevin Martin,289779
293246,Frances Watkins,445340
270496,Edward Dakins,189987
399548,David Pullis,409904
372396,Tyler Slayton,226998
353008,Mary Cottman,577676
471503,Otis Clark,247470
329971,Kimberly Kaczor,505007
119235,Rebecca Tilotta,405565
126672,Alicia Martinson,159659
185389,Marshall Manuel,441630
365322,Beverly Webster,231957
142739,Richard Harrell,231548
259597,Karen Stemple,461826
389439,Henry Vail,281415
114026,Michael Parham,296803
14594,Aaron Fonua,363998
200713,Joseph Wilson,533960
56219,David Dye,556095
366865,Brett Racki,294851
365004,Harriet Haynes,205291
182584,Angela Petersen,443648
48683,Clarence Garo,464810
94057,Joseph Labruzzo,397953
12073,John Ware,537963
227781,Howard Muse,214210
259253,Duncan Simonson,533595
114681,Mildred Ransom,166661
33155,Joseph Boyd,305450
59876,Michele Fleischman,442716
232614,Norma Mccorkle,389827
67893,Frederick Powell,195738
248579,Michelle Mcbride,193240
269965,Brenda Watts,319110
192681,Susan Underhill,505559
247548,Tammie Katechis,252316
30376,Benjamin Arnold,561694
477146,Ada Robinson,411668
194813,Mary Wolf,471003
53597,John Snyder,518281
95925,Sherrie Olson,236807
325837,Jill Dohse,576312
123753,Jammie Boyer,327067
284440,Russell Britcher,399600
341519,Kimberly Gwynn,206747
57148,Patti Moore,273666
341938,Lucas Westfall,216638
115852,Marie Phillips,573239
76749,Maria Salazar,192976
403841,Michelle Badger,292215
105345,George Carver,159213
125538,Michael Little,512148
439466,Jonathon Elkins,310329
348974,John Mccarthy,376502
399288,Meredith Austin,247256
132288,Anthony Zimmerebner,498083
8245,Morton Walls,296734
106024,Lois Toney,482245
172792,Jose Apodaca,442965
155695,Peter Rimer,317440
255386,Arnold Elam,456370
243636,Debra Freeman,383170
100723,David Blea,354693
267203,Meredith Birkeland,214743
463764,Stephen Wheeler,384489
67601,Willie Dollyhigh,370368
85659,Walter Jackson,196452
366397,Emily Mcrae,201639
302400,Amy Dube,235467
244496,Brian Lee,559924
172439,Barry Lewis,280857
30696,Emma Blow,398264
162966,Linda Biasi,544463
3897,Larry Cronin,483991
57273,Nicole Chalifoux,164489
204800,Spencer Bible,578973
384998,Blake Fraga,436979
474469,Nicole Rivera,502733
85375,Willian Simpson,480024
74630,Bridgett Clark,461507
274084,Brenda Ulmer,338739
478867,Ryan Williams,313445
377126,William Smith,293689
84358,Emily Hall,413468
203759,Clarence Blaski,199612
364916,Tony Bull,239524
29048,Patrick Vroom,578307
256450,Sylvia Bennett,318990
236608,Fletcher Johnson,223379
249139,Darlene Antonio,492646
71784,Melissa Willis,301984
35001,Donna Putman,259809
394375,Tanya Pence,161515
128368,Andrew Jenkins,511369
245696,John Dombrowski,595903
66116,William Curtis,255008
285572,Vernon Morales,183910
122614,Juanita Ingram,489628
237907,James Posada,433293
166134,Lona Botsford,231634
228916,Terrence Naval,181995
343428,Steven Burnstein,201742
175101,Michele Ciocca,408752
193480,Don Watkins,419962
336906,Eva Gonzalez,541132
238806,Nancy Scanlon,285212
407267,Ken French,364823
403663,Helen Crawford,495292
298696,Sam Collison,394226
322097,Antoinette Godfrey,498663
374000,James Swanson,205248
409242,Lea Spencer,409365
175752,Betty Dahl,457582
51261,Betty Borden,384047
428250,Kimberly Brown,166451
302476,Edgar Mccloud,430469
212844,Ora Munoz,299535
300396,Marguerite Gessford,375046
99910,Heidi Markow,379439
471257,Stephen Stumpf,263319
276683,Sherwood Elzy,278851
10138,Johnathan Yoshimura,565854
28770,Wendy Highland,386751
337356,Donald Mitchell,201367
69058,Sal Andrew,560622
401971,Linda Cisneros,328517
103851,Rudy Harrington,249852
475592,Reynaldo Harley,223661
493952,Morris Haynes,237133
37741,Jason Dorsey,194050
360748,Randi Bostick,474743
370668,David Morgan,430488
384440,Patrick Castillo,271552
301917,Nettie Day,563352
466547,Thomas Fernandez,400095
383,Donna Zamora,154097
410432,Martha Witzke,508388
7751,Steven Verdino,210492
12634,Brent Scruggs,241183
17726,Rosa Taylor,503056
476781,Collin Mccoy,415173
282792,Viola Fields,399051
497786,Lynn Sato,576000
55966,Ann Brown,200989
478099,Nora Campbell,455513
39825,Ivory Martinez,511906
201150,Joann Bingham,436607
348746,Gary Alexander,335506
447948,Jacqueline Clayton,564395
277702,Cathy Blakely,351704
194018,Kerry Shelton,473483
151843,Betty Grady,196697
116525,Wilma Griffen,194649
437647,Tyrone Christensen,290097
42607,Billy Bays,381894
329993,Robert Longshore,352157
258091,Dena Hall,404698
458589,Gary Gamble,525911
433528,Shaun Coates,434267
434538,Joshua Barreto,428324
25963,Estelle Jefferson,239322
127204,James Rivali,232291
210363,Mary Winchenbach,386049
219900,Jessica Scott,344023
88473,Sabrina Donahue,472945
288338,Anita Drake,238259
60440,James Rodiguez,264382
81467,Lesley Porter,158398
293680,Elizabeth Cosgrove,293724
342123,Karen Stover,570922
82247,Ronald Best,466190
159711,Robert Chapman,470345
24927,Donald Garza,162659
17922,Tabitha Helms,442864
56163,Michael Borelli,270406
132496,Linda Johnson,381295
211399,Frances Meyers,338418
200644,Alexander Merritt,197886
37419,Ruth Weir,173969
467197,Erin Knight,481370
182085,Tammy Whitaker,294942
113154,Martha Gutierrez,184250
172235,Joann Lawless,302022
159477,George Mcclure,503190
306759,William Dennie,414234
184204,Charlie Wingfield,344252
328998,William Miller,544648
284157,Levi Brevig,445518
496796,Anthony Fennell,175630
472209,Christian Kenney,257224
446159,Olen Gonzales,405891
53702,Lisa Mcintire,563965
187538,Caroline Beatty,399191
184048,Troy Chang,509624
443970,Colleen Shim,204324
117439,Christian Manson,573291
328765,Michael Schlosser,338901
389151,Jonathon Cain,405990
3748,Kathleen Malone,290340
52863,Terry Gould,426895
450889,Lisa Naef,206982
394098,Benjamin Potter,203399
207569,Marian Jacobs,297081
150266,George Rajan,523534
186205,Samuel Gregory,467985
446332,Elias Kelley,588656
141406,David Buck,270876
277439,Janet Davino,457511
194320,Jerry Mcallister,353450
340765,Margie Ammons,180512
89974,Gloria Leal,227210
170615,Kris Reams,564092
179137,Elizabeth Sauve,187271
115075,Jose Martine,340399
285550,William Jaffe,280549
120490,Nelly Corona,581168
143844,Paul Smither,364689
362317,Ashley English,438836
125771,Joyce Leonard,175963
43892,Krystal Avery,330915
458194,Ryan Selfridge,564614
252991,Kevin Hendler,216075
466762,Beatrice Ward,596587
376987,Sally Rivera,350705
418890,Donna Hain,403916
215917,Donna Salmons,188739
398917,Jennifer Shay,416202
148121,Anita Robison,481778
55684,Ruby Parkinson,210374
390012,Chester Freeman,221738
411530,Arthur Mccauley,306024
281050,Savannah Yi,284388
167400,Toni Hyman,596916
455664,Kevin Green,450746
99577,Anthony Briggeman,596975
227235,Kenneth Brown,345399
427752,Isabel Barcellos,216068
496091,Martin Hill,236461
258187,Warren Crockett,411715
7363,Robert Jeans,289985
327074,Joseph Lee,223589
299732,Melissa Bonner,548148
45531,Stacey Green,240949
492235,Tammie Newton,361677
440560,Rodney Rodriguez,216589
180656,Alicia Fullerton,325665
316257,Shawn Soto,226940
50530,Myrtle Cason,586192
296314,Nicole Devore,585239
320757,Dennis Peters,512476
297102,Allan Long,327740
198681,Karen Main,412860
373943,Vickie Williams,289650
10074,Alan Patterson,554635
63730,Richard Bowen,158686
283973,John Duncan,202323
106573,Tomas Jones,217738
47478,John Koller,285838
395525,Steven Fields,279467
436284,Rena Riley,568150
153012,Marc Tyrone,416345
15116,James Horning,569461
364788,Randy Steinbeck,199375
336905,Ann Hill,375392
421609,Carol Mullins,197244
344599,Johnny Sikes,314274
131377,Theresa Hawkins,284409
101873,Sandra Stegall,397010
358167,Ardis Lee,554707
206260,Randolph Wells,491407
20076,Mary Lawson,549448
473699,Valentin Bilotto,490551
319172,Doug Chacon,462314
434360,Jennifer Matheney,291015
415232,Andrew Baker,279851
140872,Alton Britton,160754
357168,Billy Duarte,369824
119409,Margaret Arnold,189592
226531,Sanjuana Greb,469652
391238,Bernice Clark,499722
275570,Jody Judge,208475
327309,Sylvia Vanatta,244488
463278,Joanne Morrell,587976
421059,Debra Krause,220519
312611,Brad Starnes,520812
393861,Joyce Greig,223741
389445,Virginia Johnson,155247
145714,Charlene Cutwright,286835
97667,Tierra Smith,323998
109346,Jeffery Otano,372338
123483,Alvin Toney,205675
313820,Garry Marsh,190850
345029,Georgianna Trujillo,223022
221803,David Kamp,375625
197321,Rufus Prill,452506
2040,Bob Simpson,457336
17021,Earl Horvath,596139
116876,Eric Bettendorf,184294
292822,Barry Delapaz,382116
499353,Helen Martin,518328
166645,Brenda Taylor,188842
137104,Carol Sickles,345971
476802,Angela Newsom,574592
431107,Lenora Kelly,359273
212819,William Dufour,461641
185979,Chris Kuykendall,596742
391515,Diana Sircy,231039
409544,Brian Flores,459351
35239,Nellie Tucker,505467
57095,Kenneth Felix,598456
254767,Heather Bonner,505781
399873,Larry Gonzales,450944
388668,Natasha Topps,542285
354881,Deanna Mcfadden,492436
233143,Mary Hardy,487334
95191,Diann Bruce,155153
305432,David Conrad,329812
437930,Gary Strackbein,285857
334547,Eleanora Berger,244170
278255,Karen Howell,585020
130091,Olga Weiland,406891
97755,Larry Amini,383310
301208,Leonard Moya,408554
134248,Ines Belcher,440232
62815,Robert Smith,485361
400993,Marylin Pearson,404623
147318,Wilbur Camacho,337276
203037,Evelyn Wylie,342569
63022,Cheryl Black,237497
155571,Harold Walker,502492
374891,Juanita Dominguez,275967
327667,George Coffman,446168
152072,Suzanne Broadwater,246848
233962,Elizabeth Drumgoole,471159
330577,Jennifer Thomas,418959
354731,Andrew Mcgough,371678
436390,Lewis Johnson,548360
421400,Beatrice Crowl,462877
183476,Leonard Thornton,435500
419628,Rick Aguilar,152697
52878,Jennifer Denton,528140
254698,Mandi Kearby,583159
358871,Orval Suarez,446041
334990,Palma Dunn,451104
183758,Susan Luoma,342528
436940,Amanda Delgiudice,350181
151387,Mark Campbell,289891
387710,Betty Painter,594714
391217,William Bembry,152057
120192,Tina Navarro,467404
333573,Jesse Walter,299996
191602,Cynthia Rodriquez,204489
400809,Jessie Unger,565281
253311,Samantha Porter,155251
201327,Jacob Prince,328965
467082,Elaine Reed,173422
237128,Jung Worsham,176916
144163,Nicole Washington,584198
329202,Josefina Jordan,419635
197628,Leslie Gillette,376608
54377,Bryan Padel,536070
12741,Lisa Glick,522237
466709,Teresa Eliezrie,379407
80019,Victoria Breaux,161535
462948,Frances Moreno,368340
83338,Joan Kania,474959
226971,Donita Bocook,377048
266478,Salvador Gladding,318660
122379,Arthur Lopez,442509
414701,Chris Fisher,275098
377387,Thelma West,352848
371356,Gayle Kelly,599806
39988,Anton Jone,394478
90780,Grace Williams,442738
431695,Maria Wilder,272614
279830,Barbara Pearson,376739
374304,Loretta Cotton,457962
276611,John Kidd,185157
238940,Robert Esquivez,589867
361591,Spring Leonard,437634
244989,John Creekmore,294748
414747,Candida Dufresne,185770
125396,Jason Douglas,231449
20123,Denise Miller,182626
357791,Hollie Alexander,463906
151256,Michael Mann,250420
111710,Luanne Brazell,396372
219711,Rosalie Hall,503285
471355,Joseph Thomas,449899
400665,Earle Fike,585174
211347,Matthew Heckman,573224
375461,Corey Carpenter,296830
105524,Aaron Norton,487313
285944,Pearline Newton,329020
211411,Karina Reddy,582084
159249,Gladys Meade,538208
468272,Brandon Natale,585295
173987,William Durham,421501
146736,Patrick Pavlick,575872
458987,Pearlene Rodriguez,331739
171889,Rafael Freeman,464907
315041,Francisco Gonzales,165901
255410,Harold Hasty,549877
390664,Larry Gannon,183806
455280,George Samson,209692
12032,Roberto Binns,319966
407047,Larry Hayes,497156
284385,John Welch,171470
264343,Ricky Temple,422407
447360,Yvonne Luten,250287
79445,Vernon Ellis,185375
191083,Victoria Rush,422051
227053,Thomas Alaniz,544984
67400,John Carhart,310782
468321,John Valdez,448077
339205,Patricia Austin,461442
209334,Ruth Llamas,209798
168289,Joyce Suchan,206830
327413,Roxanne Desch,352721
448654,Frederick Pawlosky,546767
204897,Pauline Mau,488404
134818,Rod Hsu,383229
128949,Roger Friend,388063
291672,Mary Ivey,568728
301925,Denis Jackson,384518
169566,Dennis Holland,568269
49006,Anthony Gauthier,206416
177379,Tiffany Anderson,335518
140394,Stanley Jefferson,197642
300833,Lena Walker,320097
360400,Carl Williams,193880
200481,Stephen Miller,151398
78121,Theresa Robinson,466565
17022,Bruno Branch,416588
134435,Ali Lampkin,416632
422677,Shane Conklin,257639
51626,Mary Hubbard,592490
122907,Bobby Stringer,572888
86450,Dorothy Hale,408245
150347,Roberto Souther,528885
423770,Gary Posthuma,258331
38229,Dennis Atherton,246243
169172,Karin Burton,333233
26751,Katherine Boothroyd,200817
